mx/news	rt=wss://rtank.radix.matriksdata.com/news	dl=wss://dlank.radix.matriksdata.com:443/news
mx/news@comment	rt=wss://rtank.radix.matriksdata.com/news	dl=wss://dlank.radix.matriksdata.com:443/news
mx/news@kap	rt=wss://rtank.radix.matriksdata.com/news	dl=
mx/news@aa	rt=wss://rtank.radix.matriksdata.com/news	dl=
mx/news@ai	rt=wss://rtank.radix.matriksdata.com/news	dl=wss://dlank.radix.matriksdata.com:443/news
mx/news@aicomment	rt=wss://rtank.radix.matriksdata.com/news	dl=wss://dlank.radix.matriksdata.com:443/news
mx/news@aikap	rt=wss://rtank.radix.matriksdata.com/news	dl=
mx/news@aiaa	rt=wss://rtank.radix.matriksdata.com/news	dl=
mx/iex/symbol	rt=wss://rtstream.radix.matriksdata.com/foreignmarket	dl=
mx/iex/trade	rt=wss://rtstream.radix.matriksdata.com/foreigntrade	dl=
mx/nbbo/symbol	rt=wss://rtstream.radix.matriksdata.com/foreignmarket	dl=
mx/symbol	rt=wss://rtank.radix.matriksdata.com:443/market	dl=wss://dlank.radix.matriksdata.com:443/market
mx/derivative	rt=wss://rtank.radix.matriksdata.com:443/market	dl=wss://dlank.radix.matriksdata.com:443/market
mx/fundratio	rt=wss://rtank.radix.matriksdata.com:443/market	dl=wss://dlank.radix.matriksdata.com:443/market
mx/ratingscore	rt=wss://rtank.radix.matriksdata.com:443/market	dl=wss://dlank.radix.matriksdata.com:443/market
mx/stats/high	rt=wss://rtank.radix.matriksdata.com/stats	dl=wss://dlank.radix.matriksdata.com:443/stats
mx/stats/high/weekly	rt=wss://rtank.radix.matriksdata.com/stats	dl=wss://dlank.radix.matriksdata.com:443/stats
mx/stats/high/monthly	rt=wss://rtank.radix.matriksdata.com/stats	dl=wss://dlank.radix.matriksdata.com:443/stats
mx/stats/high/yearly	rt=wss://rtank.radix.matriksdata.com/stats	dl=wss://dlank.radix.matriksdata.com:443/stats
mx/stats/low	rt=wss://rtank.radix.matriksdata.com/stats	dl=wss://dlank.radix.matriksdata.com:443/stats
mx/stats/low/weekly	rt=wss://rtank.radix.matriksdata.com/stats	dl=wss://dlank.radix.matriksdata.com:443/stats
mx/stats/low/monthly	rt=wss://rtank.radix.matriksdata.com/stats	dl=wss://dlank.radix.matriksdata.com:443/stats
mx/stats/low/yearly	rt=wss://rtank.radix.matriksdata.com/stats	dl=wss://dlank.radix.matriksdata.com:443/stats
mx/stats/volume	rt=wss://rtank.radix.matriksdata.com/stats	dl=wss://dlank.radix.matriksdata.com:443/stats
mx/stats/volume/weekly	rt=wss://rtank.radix.matriksdata.com/stats	dl=wss://dlank.radix.matriksdata.com:443/stats
mx/stats/volume/monthly	rt=wss://rtank.radix.matriksdata.com/stats	dl=wss://dlank.radix.matriksdata.com:443/stats
mx/stats/volume/yearly	rt=wss://rtank.radix.matriksdata.com/stats	dl=wss://dlank.radix.matriksdata.com:443/stats
mx/stats/warrant/high	rt=wss://rtank.radix.matriksdata.com/stats	dl=wss://dlank.radix.matriksdata.com:443/stats
mx/stats/warrant/low	rt=wss://rtank.radix.matriksdata.com/stats	dl=wss://dlank.radix.matriksdata.com:443/stats
mx/stats/warrant/volume	rt=wss://rtank.radix.matriksdata.com/stats	dl=wss://dlank.radix.matriksdata.com:443/stats
mx/stats/db/warrant/high	rt=wss://rtank.radix.matriksdata.com/stats	dl=wss://dlank.radix.matriksdata.com:443/stats
mx/stats/db/warrant/low	rt=wss://rtank.radix.matriksdata.com/stats	dl=wss://dlank.radix.matriksdata.com:443/stats
mx/stats/db/warrant/quantity	rt=wss://rtank.radix.matriksdata.com/stats	dl=wss://dlank.radix.matriksdata.com:443/stats
mx/stats/osm/warrant/high	rt=wss://rtank.radix.matriksdata.com/stats	dl=wss://dlank.radix.matriksdata.com:443/stats
mx/stats/osm/warrant/low	rt=wss://rtank.radix.matriksdata.com/stats	dl=wss://dlank.radix.matriksdata.com:443/stats
mx/stats/osm/warrant/volume	rt=wss://rtank.radix.matriksdata.com/stats	dl=wss://dlank.radix.matriksdata.com:443/stats
mx/stats/akm/warrant/high	rt=wss://rtank.radix.matriksdata.com/stats	dl=wss://dlank.radix.matriksdata.com:443/stats
mx/stats/akm/warrant/low	rt=wss://rtank.radix.matriksdata.com/stats	dl=wss://dlank.radix.matriksdata.com:443/stats
mx/stats/akm/warrant/volume	rt=wss://rtank.radix.matriksdata.com/stats	dl=wss://dlank.radix.matriksdata.com:443/stats
mx/stats/garan/warrant/high	rt=wss://rtank.radix.matriksdata.com/stats	dl=wss://dlank.radix.matriksdata.com:443/stats
mx/stats/garan/warrant/low	rt=wss://rtank.radix.matriksdata.com/stats	dl=wss://dlank.radix.matriksdata.com:443/stats
mx/stats/garan/warrant/volume	rt=wss://rtank.radix.matriksdata.com/stats	dl=wss://dlank.radix.matriksdata.com:443/stats
mx/stats/iyf/warrant/high	rt=wss://rtank.radix.matriksdata.com/stats	dl=wss://dlank.radix.matriksdata.com:443/stats
mx/stats/iyf/warrant/low	rt=wss://rtank.radix.matriksdata.com/stats	dl=wss://dlank.radix.matriksdata.com:443/stats
mx/stats/iyf/warrant/volume	rt=wss://rtank.radix.matriksdata.com/stats	dl=wss://dlank.radix.matriksdata.com:443/stats
mx/stats/future/high	rt=wss://rtank.radix.matriksdata.com/stats	dl=wss://dlank.radix.matriksdata.com:443/stats
mx/stats/future/low	rt=wss://rtank.radix.matriksdata.com/stats	dl=wss://dlank.radix.matriksdata.com:443/stats
mx/stats/future/volume	rt=wss://rtank.radix.matriksdata.com/stats	dl=wss://dlank.radix.matriksdata.com:443/stats
mx/stats/osm/future/high	rt=wss://rtank.radix.matriksdata.com/stats	dl=wss://dlank.radix.matriksdata.com:443/stats
mx/stats/osm/future/low	rt=wss://rtank.radix.matriksdata.com/stats	dl=wss://dlank.radix.matriksdata.com:443/stats
mx/stats/osm/future/volume	rt=wss://rtank.radix.matriksdata.com/stats	dl=wss://dlank.radix.matriksdata.com:443/stats
mx/stats/gdk/future/high	rt=wss://rtank.radix.matriksdata.com/stats	dl=wss://dlank.radix.matriksdata.com:443/stats
mx/stats/gdk/future/low	rt=wss://rtank.radix.matriksdata.com/stats	dl=wss://dlank.radix.matriksdata.com:443/stats
mx/stats/gdk/future/volume	rt=wss://rtank.radix.matriksdata.com/stats	dl=wss://dlank.radix.matriksdata.com:443/stats
mx/stats/option/high	rt=wss://rtank.radix.matriksdata.com/stats	dl=wss://dlank.radix.matriksdata.com:443/stats
mx/stats/option/low	rt=wss://rtank.radix.matriksdata.com/stats	dl=wss://dlank.radix.matriksdata.com:443/stats
mx/stats/option/volume	rt=wss://rtank.radix.matriksdata.com/stats	dl=wss://dlank.radix.matriksdata.com:443/stats
mx/trade	rt=wss://rtank.radix.matriksdata.com/trade	dl=wss://dlank.radix.matriksdata.com:443/trade
mx/pgc	rt=wss://rtank.radix.matriksdata.com/trade	dl=wss://dlank.radix.matriksdata.com:443/trade
mx/depth	rt=wss://rtank.radix.matriksdata.com/depth	dl=wss://dlank.radix.matriksdata.com:443/depth
mx/depthstats	rt=wss://rtank.radix.matriksdata.com/depth	dl=wss://dlank.radix.matriksdata.com:443/depth
mx/booklet	rt=wss://rtank.radix.matriksdata.com/depth	dl=wss://dlank.radix.matriksdata.com:443/depth
mx/analytics/option	rt=wss://rtank.radix.matriksdata.com/analytics	dl=wss://dlank.radix.matriksdata.com:443/analytics
mx/analytics/warrant	rt=wss://rtank.radix.matriksdata.com/analytics	dl=wss://dlank.radix.matriksdata.com:443/analytics
mx/analytics/db/warrant	rt=wss://rtank.radix.matriksdata.com/analytics	dl=wss://dlank.radix.matriksdata.com:443/analytics
mx/analytics/akm/warrant	rt=wss://rtank.radix.matriksdata.com/analytics	dl=wss://dlank.radix.matriksdata.com:443/analytics
mx/analytics/garan/warrant	rt=wss://rtank.radix.matriksdata.com/analytics	dl=wss://dlank.radix.matriksdata.com:443/analytics
mx/arf	rt=wss://rt.radix.matriksdata.com/arf	dl=
mx/timestamp	rt=wss://rtank.radix.matriksdata.com:443/market	dl=
mx/session	rt=wss://rtstream.radix.matriksdata.com:443/session	dl=
mx/event/prime/symbol	rt=wss://rtank.radix.matriksdata.com/news	dl=
mx/event/prime/agent	rt=wss://rtank.radix.matriksdata.com/news	dl=
mx/event/prime/derivative	rt=wss://rtank.radix.matriksdata.com/news	dl=
mx/event/prime/index	rt=wss://rtank.radix.matriksdata.com/news	dl=