arf.insertRule	https://api.matriksdata.com/dumrul/v1/arf/rule	post		gz=False
arf.updateRule	https://api.matriksdata.com/dumrul/v1/arf/rule	put	active|id	gz=False
arf.getAllRules	https://api.matriksdata.com/dumrul/v1/arf/rules	get		gz=False
arf.getRule	https://api.matriksdata.com/dumrul/v1/arf/rule	get	id	gz=False
arf.deleteRule	https://api.matriksdata.com/dumrul/v1/arf/rule	delete	id	gz=False
arf_v2.insertRule	https://api.matriksdata.com/dumrul/v2/arf/rule	post		gz=False
arf_v2.updateRule	https://api.matriksdata.com/dumrul/v2/arf/rule	put	active|id	gz=False
arf_v2.getAllRules	https://api.matriksdata.com/dumrul/v2/arf/rules	get		gz=False
arf_v2.getRule	https://api.matriksdata.com/dumrul/v2/arf/rule	get	id	gz=False
arf_v2.deleteRule	https://api.matriksdata.com/dumrul/v2/arf/rule	delete	id	gz=False
historicTick.depth	https://apiank.matriksdata.com/dumrul/v1/tick/depth	get	symbol|start|end	gz=True
historicTick.settlement	https://apiank.matriksdata.com/dumrul/v1/tick/settlement	get	symbol|start|end	gz=True
historicTick.totalsize	https://apiank.matriksdata.com/dumrul/v1/tick/totalsize	get	symbol|start|end	gz=True
historicTick.trade	https://apiank.matriksdata.com/dumrul/v1/tick/trade	get	symbol|start|end	gz=True
historicTick.tradebs	https://apiank.matriksdata.com/dumrul/v1/tick/trade_bs	get	symbol|start|end	gz=False
historicTick.tradeex	https://apiank.matriksdata.com/dumrul/v1/tick/trade_ex	get	symbol|start|end	gz=False
historicTick.bestbidoffer	https://apiank.matriksdata.com/dumrul/v1/tick/bestbidoffer	get	symbol|start|end	gz=True
historicTick.barCsv	https://apiank.matriksdata.com/dumrul/v1/tick/bar.csv	get	symbol|period|start|end	gz=False
historicTick.openinterest	https://apiank.matriksdata.com/dumrul/v1/tick/openinterest	get	symbol|start|end	gz=True
wealth	https://apiank.matriksdata.com/dumrul/v1/wealth	get	symbol|fund|amount|period|start|end|excludeDefaults	gz=False
historicWealth	https://apiank.matriksdata.com/dumrul/v1/historic-wealth	get	symbols|divide|amount|period|start|end	gz=False
lntrade	https://apiank.matriksdata.com/dumrul/v1/lntrade	get	symbol|count	gz=True
news.search	https://apiank.matriksdata.com/dumrul/v2/news/search	get	query|language|count|withComment	gz=False
news.page	https://apiank.matriksdata.com/dumrul/v2/news/search/page	get	content|page|pageSize|qid	gz=True
news.id	https://apiank.matriksdata.com/dumrul/v2/news	get	id|fields	gz=True
news.meta	https://apiank.matriksdata.com/news-meta.json	get		gz=False
news.lastNNews	https://apiank.matriksdata.com/dumrul/v2/news/lastN	get	count|fields	gz=False
marketSymbolList	https://apiank.matriksdata.com/dumrul/v2/market-symbol-list	get	inline	gz=False
turibMarketSymbolList	https://apiank.matriksdata.com/dumrul/v1/turib-elus-market-symbol-list	get		gz=False
brokerTradingVolume	https://apiank.matriksdata.com/dumrul/v1/broker-trading-volume/stock	get	top|date|calculationFor|symbolList	gz=False
brokerViopTradingVolume	https://apiank.matriksdata.com/dumrul/v1/broker-trading-volume/future	get	top|date|calculationFor|submarketCode	gz=False
brokerOptionTradingVolume	https://apiank.matriksdata.com/dumrul/v1/broker-trading-volume/option	get	top|date|calculationFor|submarketCode	gz=False
tradeDistribution.broker	https://apiank.matriksdata.com/dumrul/v1/trade-distribution/brokers	get	symbolType|start|end|top|startSeconds|endSeconds|dividend	gz=False
tradeDistribution.equity	https://apiank.matriksdata.com/dumrul/v1/trade-distribution/equities	get	symbolType|start|end|startSeconds|endSeconds|top|agent	gz=False
tradeDistribution.singleequity	https://apiank.matriksdata.com/dumrul/v1/trade-distribution/equity	get	top|symbol	gz=False
metaData.symbols	https://apiank.matriksdata.com/dumrul/v3/meta/symbols	get	marketCode|exchangeId|symbolType|sectorId|submarketCode|marketId|modifiedAt|deleted|allSymbols|symbolCode	gz=True
metaData.turibMarkets	https://apiank.matriksdata.com/dumrul/v3/meta/markets/turib	get		gz=True
metaData.viopMarkets	https://apiank.matriksdata.com/dumrul/v3/meta/markets/viop	get		gz=True
metaData.markets	https://apiank.matriksdata.com/dumrul/v3/meta/markets	get		gz=True
metaData.members	https://apiank.matriksdata.com/dumrul/v3/meta/members	get		gz=True
metaData.exchanges	https://apiank.matriksdata.com/dumrul/v3/meta/exchanges	get		gz=True
metaData.sectors	https://apiank.matriksdata.com/dumrul/v3/meta/sectors	get		gz=True
metaData.sessionHours	https://apiank.matriksdata.com/dumrul/v1/session-hours	get	date	gz=False
metaData.dayCounter	https://apiank.matriksdata.com/dumrul/v1/meta/day-counter	get	symbol|start|end|type|period	gz=False
metaDataV4.symbols	https://apiank.matriksdata.com/dumrul/v4/meta/symbols	get	marketCode|exchangeId|symbolType|sectorId|submarketCode|marketId|modifiedAt|deleted|allSymbols|symbolCode	gz=True
metaDataV4.turibMarkets	https://apiank.matriksdata.com/dumrul/v4/meta/markets/turib	get		gz=True
metaDataV4.viopMarkets	https://apiank.matriksdata.com/dumrul/v4/meta/markets/viop	get		gz=True
metaDataV4.markets	https://apiank.matriksdata.com/dumrul/v4/meta/markets	get		gz=True
metaDataV4.members	https://apiank.matriksdata.com/dumrul/v4/meta/members	get		gz=True
metaDataV4.exchanges	https://apiank.matriksdata.com/dumrul/v4/meta/exchanges	get		gz=True
metaDataV4.sectors	https://apiank.matriksdata.com/dumrul/v4/meta/sectors	get		gz=True
metaDataV4.sessionHours	https://apiank.matriksdata.com/dumrul/v1/session-hours	get	date	gz=False
metaDataV4.dayCounter	https://apiank.matriksdata.com/dumrul/v1/meta/day-counter	get	symbol|start|end|type|period	gz=False
metaForeign.symbols	https://apicloudank.matriksdata.com/dumrul/v1/meta-foreign/symbols	get	deleted|symbolType|exchangeId	gz=True
metaForeign.exchanges	https://apicloudank.matriksdata.com/dumrul/v1/meta-foreign/exchanges	get		gz=True
snapshotForeignMarket.iex	https://apicloudank.matriksdata.com/dumrul/v1/snapshot-foreign-market/iex	get	symbols|exchange|symbolType	gz=False
snapshotForeignMarket.nbbo	https://apicloudank.matriksdata.com/dumrul/v1/snapshot-foreign-market/nbbo	get	symbols|exchange|symbolType	gz=False
barForeign.iex	https://apicloudank.matriksdata.com/dumrul/v1/foreign-bar/iex	get	symbol|start|end|period|count|timestamp|divide	gz=False
barForeign.nbbo	https://apicloudank.matriksdata.com/dumrul/v1/foreign-bar/nbbo	get	symbol|start|end|period|count|timestamp|divide	gz=False
barForeign.chart	https://apicloudank.matriksdata.com/dumrul/v1/foreign-bar/chart	get	symbols	gz=False
tradeForeign	https://apicloudank.matriksdata.com/dumrul/v1/foreign-trade	get	symbol|start|end|top	gz=False
companyCardsForeign	https://apicloudank.matriksdata.com/dumrul/v1/foreign-company-cards	get	symbol	gz=False
calendarForeign.publicOfferings	https://apicloudank.matriksdata.com/dumrul/v1/foreign-calendar/public-offerings	get	symbol|start|end|exchange|symbolType	gz=False
calendarForeign.dividends	https://apicloudank.matriksdata.com/dumrul/v1/foreign-calendar/dividends	get	symbol|start|end|exchange|symbolType	gz=False
calendarForeign.splits	https://apicloudank.matriksdata.com/dumrul/v1/foreign-calendar/splits	get	symbol|start|end|exchange|symbolType	gz=False
calendarForeign.earnings	https://apicloudank.matriksdata.com/dumrul/v1/foreign-calendar/earnings	get	symbol|start|end|exchange|symbolType	gz=False
ratingsForeign	https://apicloudank.matriksdata.com/dumrul/v1/foreign-ratings	get	symbol|start|end|exchange|symbolType	gz=False
priceTargetForeign	https://apicloudank.matriksdata.com/dumrul/v1/foreign-price-target	get	symbols|exchange|symbolType	gz=False
financialScoresForeign	https://apicloudank.matriksdata.com/dumrul/v1/foreign-financial-scores	get	symbol|start|end|exchange	gz=False
filterRankerForeign.iex	https://apicloudank.matriksdata.com/dumrul/v1/foreign-filter-ranker/iex	get	type|top|period|exchange	gz=False
filterRankerForeign.iexEtf	https://apicloudank.matriksdata.com/dumrul/v1/foreign-filter-ranker/iex/etf	get	type|top|period|exchange	gz=False
filterRankerForeign.iexFund	https://apicloudank.matriksdata.com/dumrul/v1/foreign-filter-ranker/iex/fund	get	type|top|period|exchange	gz=False
filterRankerForeign.nbbo	https://apicloudank.matriksdata.com/dumrul/v1/foreign-filter-ranker/nbbo	get	type|top|period|exchange	gz=False
filterRankerForeign.nbboEtf	https://apicloudank.matriksdata.com/dumrul/v1/foreign-filter-ranker/nbbo/etf	get	type|top|period|exchange	gz=False
filterRankerForeign.nbboFund	https://apicloudank.matriksdata.com/dumrul/v1/foreign-filter-ranker/nbbo/fund	get	type|top|period|exchange	gz=False
marketSymbolListForeign	https://apicloudank.matriksdata.com/dumrul/v1/foreign-market-symbol-list	get	inline	gz=False
priceStep	https://apiank.matriksdata.com/price-step.json	get		gz=False
priceStepV2	https://apiank.matriksdata.com/price-step-v2.json	get		gz=False
sessionHourStatic	https://apiank.matriksdata.com/session-hours.json	get		gz=False
topach	https://apiank.matriksdata.com/dumrul/v2/topach	get		gz=True
akd	https://apiank.matriksdata.com/dumrul/v2/akd	get	start|end|top|symbol	gz=True
tpd	https://apiank.matriksdata.com/dumrul/v2/tpd	get	start|end|symbol	gz=True
agentAssets	https://apiank.matriksdata.com/dumrul/v1/agent-assets	get	date|agent|symbol|dividend|symbols|agents|top	gz=True
agentAssetsList	https://apiank.matriksdata.com/dumrul/v1/agent-assets-list	get	date|top	gz=False
bar	https://apiank.matriksdata.com/dumrul/v1/tick/bar	get	symbol|period|start|end|divisorSymbol|count|timestamp|useFraction|divide|startTimestamp|endTimestamp|midTimestamp	gz=True
holidays	https://apiank.matriksdata.com/dumrul/v1/holidays	get	startdate|enddate|halfday	gz=False
foreignassets	https://apiank.matriksdata.com/dumrul/v1/foreign-assets	get	agents	gz=False
foreignAssetsChange	https://apiank.matriksdata.com/dumrul/v1/foreign-assets-change	get	agents|period	gz=False
trendingForeignAssets	https://apiank.matriksdata.com/dumrul/v1/trending-foreign-assets	get	agents|type	gz=False
agentWeeklyForeignPercent	https://apiank.matriksdata.com/dumrul/v1/agent-weekly-foreign-percent	get	agents	gz=False
portfolioOptimizer	https://apiank.matriksdata.com/dumrul/v1/portfolio-optimizer	get	symbols|alpha|days	gz=False
warrantCoach.underlyings	https://apiank.matriksdata.com/dumrul/v1/warrant-coach/underlyings	get		gz=False
warrantCoach.warrants	https://apiank.matriksdata.com/dumrul/v1/warrant-coach/warrants	get	underlyings|type|risk|issuers|daysToMaturity	gz=False
warrantCoach.issuers	https://apiank.matriksdata.com/dumrul/v1/warrant-coach/issuers	get		gz=False
dividends	https://apiank.matriksdata.com/dumrul/v1/dividends	get	symbol|start|end	gz=False
warrantCalculator	https://apiank.matriksdata.com/dumrul/v1/warrant-calculator	get	symbol|referenceDate|underlyingValue|volatility|interestRate|currency	gz=False
warrantPriceStep	https://apiank.matriksdata.com/dumrul/v1/warrant-calculator/price-step	get	symbol	gz=False
warrantReport	https://apiank.matriksdata.com/dumrul/v1/warrant-report	get		gz=False
warrantCompass.underlyings	https://apiank.matriksdata.com/dumrul/v1/warrant-compass/underlyings	get		gz=False
warrantCompass.warrants	https://apiank.matriksdata.com/dumrul/v1/warrant-compass/warrants	get	underlying	gz=False
optionCalculator	https://apiank.matriksdata.com/dumrul/v1/option-calculator	get	symbol|referenceDate|underlyingValue|volatility|interestRate|currency	gz=False
companyCards	https://apiank.matriksdata.com/dumrul/v1/company-cards	get	symbol	gz=False
primeDashboard	https://apiank.matriksdata.com/dumrul/v1/prime-dashboard	get	symbol	gz=False
akdByAgent	https://apiank.matriksdata.com/dumrul/v1/akd-by-agent	get	agent|start|end|top|symbolType	gz=False
derivedBar	https://apiank.matriksdata.com/dumrul/v1/tick/derived-bar	get	symbol|period|start|end|divisorSymbol|count|timestamp|useFraction|startTimestamp|endTimestamp	gz=False
dependency.cor	https://apiank.matriksdata.com/dumrul/v1/dependency/cor	get	symbols|period	gz=False
dependency.highestcor	https://apiank.matriksdata.com/dumrul/v1/dependency/highestcor	get	index|count	gz=False
techAnalysis.pivots	https://api.matriksdata.com/dumrul/v1/tech-analysis/pivots	get	symbol|index|period	gz=False
techAnalysis.indPos	https://api.matriksdata.com/dumrul/v1/tech-analysis/ind-pos	get	symbol|index	gz=False
fundamentalsExpectedDates.expectedDates	https://apiank.matriksdata.com/dumrul/v1/fundamentals-expected-dates	get	symbol|period	gz=False
fundamentalsExpectedDates.deadlines	https://apiank.matriksdata.com/dumrul/v1/fundamentals-expected-dates/deadlines	get	period	gz=False
fundamentals.periods	https://apiank.matriksdata.com/dumrul/v1/fundamentals/periods	get	symbol|unadjusted	gz=False
fundamentals.declarationDates	https://apiank.matriksdata.com/dumrul/v1/fundamentals/declaration-dates	get	symbol|period|start|end|last	gz=False
fundamentals.BS	https://apiank.matriksdata.com/dumrul/v1/fundamentals/BS	get	symbols|periods|currency|lang|unadjusted	gz=False
fundamentals.CF	https://apiank.matriksdata.com/dumrul/v1/fundamentals/CF	get	symbols|periods|currency|lang|unadjusted	gz=False
fundamentals.INC	https://apiank.matriksdata.com/dumrul/v1/fundamentals/INC	get	symbols|periods|currency|lang|unadjusted	gz=False
fundamentals.BS_CSV	https://apiank.matriksdata.com/dumrul/v1/fundamentals/BS.csv	get	symbols|periods|currency|lang|unadjusted	gz=False
fundamentals.CF_CSV	https://apiank.matriksdata.com/dumrul/v1/fundamentals/CF.csv	get	symbols|periods|currency|lang|unadjusted	gz=False
fundamentals.INC_CSV	https://apiank.matriksdata.com/dumrul/v1/fundamentals/INC.csv	get	symbols|periods|currency|lang|unadjusted	gz=False
underlyingClassification	https://apiank.matriksdata.com/dumrul/v2/underlying-classification	get		gz=False
indexWeight	https://apiank.matriksdata.com/dumrul/v1/index-weight	get	symbol|index	gz=False
sectoralBrief	https://apiank.matriksdata.com/dumrul/v1/sectoral-brief	get		gz=False
openInterestDist	https://apiank.matriksdata.com/dumrul/v1/open-interest-dist	get		gz=False
fundamentalIndicators	https://apiank.matriksdata.com/dumrul/v1/fundamentals-indicators	get	symbols	gz=False
primeEvent	https://apiank.matriksdata.com/dumrul/v1/prime-event	get	symbol|count|agent|typeId	gz=False
agentTrades.daily	https://apiank.matriksdata.com/dumrul/v1/agenttrades/daily	get	agent|timestamp	gz=True
agentTrades.historic	https://apiank.matriksdata.com/dumrul/v1/agenttrades/historic	get	agent|date	gz=True
inflationRates	https://apiank.matriksdata.com/dumrul/v1/inflation-rates	get		gz=False
agentAssetsIndicators	https://apiank.matriksdata.com/dumrul/v1/agent-assets-indicators	get	symbols|agents	gz=False
trendingVolume	https://apiank.matriksdata.com/dumrul/v1/trending-volume	get	top|period	gz=False
currencyPosition	https://apiank.matriksdata.com/dumrul/v1/currency-position	get	symbols	gz=False
listOfFundamentals	https://apiank.matriksdata.com/dumrul/v1/list-of-fundamentals	get		gz=False
optionWarrantTree.optionMeta	https://apiank.matriksdata.com/dumrul/v1/warrant-and-option-tree/options/meta	get	symbol|index	gz=False
optionWarrantTree.warrantMeta	https://apiank.matriksdata.com/dumrul/v1/warrant-and-option-tree/warrants/meta	get	symbol|index	gz=False
optionWarrantTree.options	https://apiank.matriksdata.com/dumrul/v1/warrant-and-option-tree/options	get	underlying|maturity	gz=False
optionWarrantTree.warrants	https://apiank.matriksdata.com/dumrul/v1/warrant-and-option-tree/warrants	get	underlying|maturity|issuer	gz=False
gainersLine	https://apiank.matriksdata.com/dumrul/v1/gainers-line	get	start|end	gz=False
snapshotMarketReal	https://apiank.matriksdata.com/dumrul/v1/snapshot-market-real	get	symbols	gz=False
snapshotMarketDelayed	https://apiank.matriksdata.com/dumrul/v1/snapshot-market-delayed	get	symbols|exchangeId|symbolType|marketCode	gz=False
brokerTradingVolumeSummaryV2	https://apiank.matriksdata.com/dumrul/v2/broker-trading-volume-summary	get	start|end|type	gz=False
brokerTradingVolumeSummaryIndicator	https://apiank.matriksdata.com/dumrul/v2/broker-trading-volume-summary/indicator	get	start|end|type|agents	gz=False
capitalIncrease	https://apiank.matriksdata.com/dumrul/v1/capital-increase	get	symbols|start|end|year|type	gz=False
lineChart	https://apiank.matriksdata.com/dumrul/v1/line-chart	get	symbols	gz=False
initialMargin	https://apiank.matriksdata.com/dumrul/v1/initial-margin	get	period	gz=False
initialMarginV2	https://apiank.matriksdata.com/dumrul/v2/initial-margin	get	period	gz=False
funds.meta	https://apiank.matriksdata.com/dumrul/v1/funds/meta	get	type|tradeableStatus|active|search	gz=False
funds.price	https://apiank.matriksdata.com/dumrul/v1/funds/price	get	fund|date|company|kind|type|tradeableStatus|fundClass|active	gz=False
funds.graph	https://apiank.matriksdata.com/dumrul/v1/funds/graph	get	fund|start|end	gz=False
funds.asset-distribution	https://apiank.matriksdata.com/dumrul/v1/funds/asset-distribution	get	fund|start|end	gz=False
funds.metaCompanies	https://apiank.matriksdata.com/dumrul/v1/funds/meta/companies	get		gz=False
funds.gainers	https://apiank.matriksdata.com/dumrul/v1/funds/gainers	get	period|type|kind|top	gz=False
fundsportfolio.fundsportfolio	https://apiank.matriksdata.com/dumrul/v1/fundsportfolio	get	fund|period	gz=False
fundsportfolio.periods	https://apiank.matriksdata.com/dumrul/v1/fundsportfolio/periods	get	fund|year	gz=False
fundsportfolio.assets	https://apiank.matriksdata.com/dumrul/v1/fundsportfolio/assets	get	symbol|period|startperiod|endperiod	gz=False
fundsportfolio.sectors	https://apiank.matriksdata.com/dumrul/v1/fundsportfolio/sectors	get	period	gz=False
fundsportfolio.count	https://apiank.matriksdata.com/dumrul/v1/fundsportfolio/count	get	top|period	gz=False
depth	https://apiank.matriksdata.com/dumrul/v1/depth	get	count|symbol	gz=False
widget	https://apiank.matriksdata.com/dumrul/v1/widget	get	symbols	gz=False
agentAssetsIndicatorsHistoric	https://apiank.matriksdata.com/dumrul/v1/agent-assets-indicators/historic	get	symbol|agents|start|end|dividend	gz=False
fundsFlows	https://apiank.matriksdata.com/dumrul/v1/funds-flows	get	fund|type|startperiod|endperiod|start|end	gz=False
ratioAnalysis	https://apiank.matriksdata.com/dumrul/v1/ratio-analysis	get	symbols|sectors	gz=False
deepTopAnalysis	https://apiank.matriksdata.com/dumrul/v1/deep-top-analysis	get	days	gz=False
filterRanker	https://apiank.matriksdata.com/dumrul/v1/filter-ranker	get	top|type|sectorCode|period|indexes	gz=False
filterRankerViop	https://apiank.matriksdata.com/dumrul/v1/filter-ranker/viop	get	top|type|period|isProxy|assetType|submarketCode	gz=False
filterRankerOptions	https://apiank.matriksdata.com/dumrul/v1/filter-ranker/viop/options	get	top|type|assetType|submarketCode	gz=False
filterRankerWarrants	https://apiank.matriksdata.com/dumrul/v1/filter-ranker/warrants	get	top|type|assetType	gz=False
filterRankerCrypto	https://apiank.matriksdata.com/dumrul/v1/filter-ranker/crypto	get	top|type|source|currency	gz=False
filterRankerCryptoList	https://apiank.matriksdata.com/dumrul/v1/filter-ranker/crypto-list	get	top|type|source|currency	gz=False
publicOffering	https://apiank.matriksdata.com/dumrul/v1/public-offering	get	start|end	gz=False
userLicenses	https://apiank.matriksdata.com/dumrul/v1/user-licenses	get		gz=False
marketMakers	https://apiank.matriksdata.com/dumrul/v1/market-makers	get	start|end|top	gz=False
twitter.twitter	https://apiank.matriksdata.com/dumrul/v1/twitter	get	symbol	gz=False
twitter.daily	https://apiank.matriksdata.com/dumrul/v1/twitter/daily	get	symbol	gz=False
twitter.historic	https://apiank.matriksdata.com/dumrul/v1/twitter/historic	get	start|end|symbol	gz=False
flowAnalysis.equities	https://apiank.matriksdata.com/dumrul/v1/flow-analysis/equities	get	type|start|end|symbols|indexes	gz=False
flowAnalysis.stf	https://apiank.matriksdata.com/dumrul/v1/flow-analysis/stf	get	agents|bidask|type|start|end|percent	gz=False
flowAnalysis.atf	https://apiank.matriksdata.com/dumrul/v1/flow-analysis/atf	get	agents|bidask|type|period|percent	gz=False
flowAnalysis.dtv	https://apiank.matriksdata.com/dumrul/v1/flow-analysis/dtv	get	index|symbol|start|end	gz=False
economicCalendar.calendar	https://apiank.matriksdata.com/dumrul/v1/economic-calendar	get	start|end|period	gz=False
economicCalendar.indicators	https://apiank.matriksdata.com/dumrul/v1/economic-calendar/indicators	get	countryCode	gz=False
economicCalendar.country	https://apiank.matriksdata.com/dumrul/v1/economic-calendar/countries	get		gz=False
performanceAnalysis	https://apiank.matriksdata.com/dumrul/v1/performance-analysis	get	start|end	gz=False
agentAssetsExplorer	https://apiank.matriksdata.com/dumrul/v1/agent-assets-explorer	get	date|top|dividend|symbolType	gz=True
profitTable	https://apiank.matriksdata.com/dumrul/v1/profit-table	get	period|top	gz=False
mtxCdnV2	https://apiank.matriksdata.com/dumrul/v2/mtx-cdn/images/:type/:name	get	type|name|png|size	gz=False
circulation	https://apiank.matriksdata.com/dumrul/v1/circulation	get	symbol|start|end	gz=False
registration	https://apiank.matriksdata.com/dumrul/v1/registration	get	symbol|start|end	gz=False
monthlyForeignTrades	https://apiank.matriksdata.com/dumrul/v1/monthly-foreign-trades	get	symbol|period	gz=False
investor.investor	https://apiank.matriksdata.com/dumrul/v1/investor	get	symbol|date|dividend	gz=False
investor.historic	https://apiank.matriksdata.com/dumrul/v1/investor/historic	get	symbol|start|end|dividend	gz=False
securitiesPrecautionList	https://apiank.matriksdata.com/dumrul/v1/securities-precaution-list	get		gz=False
fundPeriodicReturn	https://apiank.matriksdata.com/dumrul/v1/fund-periodic-return	get	fund|kind|period|relative	gz=False
fundratio	https://apiank.matriksdata.com/dumrul/v1/fund-analtyics/fundratio	get	symbol|date|top	gz=False
fundsDeepTopAnalysis	https://apiank.matriksdata.com/dumrul/v1/funds-deep-top-analysis	get	period|fund	gz=False
newBusiness	https://apiank.matriksdata.com/dumrul/v1/new-business-api	get	symbol|start|end	gz=False
userSettings	https://apiank.matriksdata.com/dumrul/v1/user	get	hardwareId|appCode|clientType|clientId	gz=False
historicEquities	https://apiank.matriksdata.com/dumrul/v1/historic-equities	get	symbol|start|end|top|agents	gz=False
historicEquitiesV2	https://apiank.matriksdata.com/dumrul/v2/historic-equities	get	symbol|start|end|agents	gz=False
ratingScore	https://apiank.matriksdata.com/dumrul/v1/rating-score	get	symbol|sector	gz=False
fundamentalDashboard	https://apiank.matriksdata.com/dumrul/v1/fundamental-dashboard	get	symbol|currency|unadjusted	gz=False
brokerPositions	https://apiank.matriksdata.com/dumrul/v1/broker-positions	get	start|end|agent	gz=False
pages	https://apiank.matriksdata.com/dumrul/v1/pages	get	page|type	gz=False
bonds	https://apiank.matriksdata.com/dumrul/v1/bonds	get	isin	gz=False
sessionStats	https://apiank.matriksdata.com/dumrul/v1/session-stats	get	date|symbols|index|type|symbolType|sectorCode	gz=False
stockExplorer	https://api.matriksdata.com/dumrul/v1/stock-explorer	get		gz=False
historicPortfolio	https://apiank.matriksdata.com/dumrul/v1/historic-portfolio-return	post		gz=False
stockTrading	https://apiank.matriksdata.com/dumrul/v1/stock-trading	get	symbol|start|end|type	gz=False
stockAssetReport	https://apiank.matriksdata.com/dumrul/v1/stock-asset-report	get	start|end	gz=False
shareBuyback	https://apiank.matriksdata.com/dumrul/v1/share-buyback	get	symbol|start|end|startbuyback|endbuyback	gz=False
relativeReturn	https://apiank.matriksdata.com/dumrul/v1/relative-return	get	symbol|indexes|relativeSymbol|period	gz=False
companySales	https://apiank.matriksdata.com/dumrul/v1/company-sales	get	symbol|period	gz=False
shortSales	https://apiank.matriksdata.com/dumrul/v1/short-sales	get	symbol|start|end	gz=False
shortSalesAnalyse	https://apiank.matriksdata.com/dumrul/v1/short-sales/analyse	get		gz=False
historicMargin	https://apiank.matriksdata.com/dumrul/v1/historic-margin	get	symbol	gz=False
historicRatio	https://apiank.matriksdata.com/dumrul/v1/historic-ratio	get	symbol|start|end	gz=False
riskometre	https://apiank.matriksdata.com/dumrul/v1/riskometre	get	symbol|period	gz=False
fundamentalRatingRanker	https://apiank.matriksdata.com/dumrul/v1/fundamental-rating/ranker	get	top|period|type	gz=False
fundamentalRatingHistoric	https://apiank.matriksdata.com/dumrul/v1/fundamental-rating/historic	get	symbol|start|end	gz=False
fundamentalKey	https://apiank.matriksdata.com/dumrul/v1/fundamental-key	get	symbols|periods|keys	gz=False
fundamentalKeyInfo	https://apiank.matriksdata.com/dumrul/v1/fundamental-key	get		gz=False
sessionController	https://apiank.matriksdata.com/dumrul/v1/session-controller	get		gz=False
fundsVolume	https://apiank.matriksdata.com/dumrul/v1/funds-volume	get	kind|year|type|period	gz=False
indicators.bar/indicators/docs	https://apiank.matriksdata.com/dumrul/v1/tick/bar/indicators/docs	get		gz=False
indicators.bar/indicators	https://apiank.matriksdata.com/dumrul/v1/tick/bar/indicators	get	start|end|symbol|period|indicatorName|divisorSymbol	gz=False
indicators.derived-bar/indicators	https://apiank.matriksdata.com/dumrul/v1/tick/derived-bar/indicators	get	start|end|symbol|period|indicatorName|divisorSymbol	gz=False
brokerOffers.offers	https://apiank.matriksdata.com/dumrul/v1/broker-offers	get	start|end|symbol|top	gz=False
brokerOffers.target	https://apiank.matriksdata.com/dumrul/v1/broker-offers/target	get		gz=False
dataAtlas	https://apiank.matriksdata.com/dumrul/v1/data-atlas	get	lang|key|symbol	gz=False
foreignDataAtlas	https://apicloudank.matriksdata.com/dumrul/v1/foreign-data-atlas	get	lang|key|symbol	gz=False
robotAnalysis	https://apiank.matriksdata.com/dumrul/v1/robot-analysis	get	symbol|period	gz=False
fundamentalRatioReturn	https://apiank.matriksdata.com/dumrul/v1/fundamental-ratio-return	get	symbols|indexes|period	gz=False
dailyReport	https://apiank.matriksdata.com/dumrul/v1/daily-report	get	indexes|start|end|report|grossSwap|suspended|marketMaker|midpoint|vwap	gz=False
investmentCompanyPortfolios	https://apiank.matriksdata.com/dumrul/v1/investment-company-portfolios	get	start|end	gz=False
spread.future	https://apiank.matriksdata.com/dumrul/v1/spread/future	get	underlying|future|spread|submarketCode|top	gz=False
tcmbData	https://apiank.matriksdata.com/dumrul/v1/tcmb	get	type	gz=False
tuikData	https://apiank.matriksdata.com/dumrul/v1/tuik	get	search|start|end	gz=False
garanModelPortfolio	https://apiank.matriksdata.com/dumrul/v1/garan-model-portfolio	get	start|end	gz=False
magnus.simulation	https://apiank.matriksdata.com/dumrul/v1/magnus-simulation	get	simulation|detail	gz=False
magnus.getPortfolio	https://apiank.matriksdata.com/dumrul/v1/magnus-simulation	get	id	gz=False
magnus.createPortfolio	https://apiank.matriksdata.com/dumrul/v1/magnus-portfolio	post		gz=False
magnus.approvePortfolio	https://apiank.matriksdata.com/dumrul/v1/magnus-portfolio/approve	put		gz=False
magnus.deletePortfolio	https://apiank.matriksdata.com/dumrul/v1/magnus-portfolio	delete		gz=False
magnus.completeTransaction	https://apiank.matriksdata.com/dumrul/v1/magnus-portfolio/complete-transaction	put		gz=False
magnus.newOptimization	https://apiank.matriksdata.com/dumrul/v1/magnus-portfolio/new-optimization	put		gz=False
socialMedia.dailyReport	https://apiank.matriksdata.com/dumrul/v1/social-media/daily-report	get	disableAttachment	gz=False
socialMedia.weeklyReport	https://apiank.matriksdata.com/dumrul/v1/social-media/weekly-report	get	disableAttachment	gz=False
socialMedia.monthlyReport	https://apiank.matriksdata.com/dumrul/v1/social-media/monthly-report	get	disableAttachment	gz=False
socialMedia.yearlyReport	https://apiank.matriksdata.com/dumrul/v1/social-media/yearly-report	get	disableAttachment|quarter	gz=False
socialMedia.weeklyCompare	https://apiank.matriksdata.com/dumrul/v1/social-media/weekly-compare	get		gz=False
socialMedia.dividends	https://apiank.matriksdata.com/dumrul/v1/social-media/dividends	get	start|end	gz=False
socialMedia.powerRanker	https://apiank.matriksdata.com/dumrul/v1/social-media/power-ranker	get	indexes|sectorCode|period|volume|issuer	gz=False
socialMedia.powerRankerV2	https://apiank.matriksdata.com/dumrul/v1/social-media/power-ranker-v2	get	indexes|sectorCode|period|type|issuer	gz=False
socialMedia.indexWeight	https://apiank.matriksdata.com/dumrul/v1/social-media/index-weight	get	issuer	gz=False
socialMedia.indexWeightV2	https://apiank.matriksdata.com/dumrul/v1/social-media/index-weight-v2	get	indexes|issuer	gz=False
socialMedia.weeklyFunds	https://apiank.matriksdata.com/dumrul/v1/social-media/weekly-funds	get	issuer	gz=False
socialMedia.weeklyFundsV2	https://apiank.matriksdata.com/dumrul/v1/social-media/weekly-funds-v2	get	issuer|type	gz=False
socialMedia.bist100	https://apiank.matriksdata.com/dumrul/v1/social-media/bist100	get	type	gz=False
socialMedia.publicOffering	https://apiank.matriksdata.com/dumrul/v1/social-media/public-offering	get	type|symbol	gz=False
socialMedia.borsadirektDividend	https://apiank.matriksdata.com/dumrul/v1/social-media/borsadirekt-dividend	get	declared|indefinitedate|pastdividend|symbol|expecteddividend|dividendfiltering|indexCode|month	gz=False
socialMedia.borsadirektCompany	https://apiank.matriksdata.com/dumrul/v1/social-media/borsadirekt-company	get	growth|kztable|fundamental|companycard|valuation|operation|ratio|period|symbol	gz=False
socialMedia.fundValue	https://apiank.matriksdata.com/dumrul/v1/social-media/fundvalue	get	kind|period	gz=False
socialMedia.fundGainers	https://apiank.matriksdata.com/dumrul/v1/social-media/fundgainers	get	kind|period	gz=False
socialMedia.shortSales	https://apiank.matriksdata.com/dumrul/v1/social-media/short-sales	get	period|issuer	gz=False
socialMedia.brokerOffers	https://apiank.matriksdata.com/dumrul/v1/social-media/broker-offers	get	start|end|priceTarget|issuer	gz=False
socialMedia.shareBuyback	https://apiank.matriksdata.com/dumrul/v1/social-media/share-buyback	get	start|end	gz=False
socialMedia.newBusiness	https://apiank.matriksdata.com/dumrul/v1/social-media/new-business	get	start|end	gz=False
socialMedia.monthlyForeignTrades	https://apiank.matriksdata.com/dumrul/v1/social-media/monthly-foreign-trades	get	period	gz=False
socialMedia.fundsAssets	https://apiank.matriksdata.com/dumrul/v1/social-media/funds-assets	get	start|end	gz=False
socialMedia.ratingScore	https://apiank.matriksdata.com/dumrul/v1/social-media/rating-score	get		gz=False
socialMedia.growthScore	https://apiank.matriksdata.com/dumrul/v1/social-media/growth-score	get		gz=False
socialMedia.foreignAssetsTop	https://apiank.matriksdata.com/dumrul/v1/social-media/foreign-assets/top	get		gz=False
socialMedia.foreignAssetsGainers	https://apiank.matriksdata.com/dumrul/v1/social-media/foreign-assets/gainers	get	start|end	gz=False
socialMedia.incomeTable	https://apiank.matriksdata.com/dumrul/v1/social-media/income-table	get	symbol	gz=False
minTick.brokers	https://apiank.matriksdata.com/dumrul/v1/min-tick/brokers	get	startSeconds|endSeconds|symbolType|top|dividend	gz=False
minTick.brokerTradingVolume	https://apiank.matriksdata.com/dumrul/v1/min-tick/broker-trading-volume	get	startSeconds|endSeconds|symbolList|calculationFor|top	gz=False
minTick.brokerTradingVolumeIndicator	https://apiank.matriksdata.com/dumrul/v1/min-tick/broker-trading-volume/indicator	get	startSeconds|endSeconds|symbolList|symbol|agents	gz=False
minTick.akdByAgent	https://apiank.matriksdata.com/dumrul/v1/min-tick/akd-by-agent	get	startSeconds|endSeconds|agent|symbolType|top|dividend	gz=False